"","unique.id","CO2CperHour"
"1","nsfms-a-1",7.2922625623242
"2","nsfms-a-2",9.12103994669346
"3","nsfms-a-3",8.72406053366036
"4","nsfms-a-4",9.47612712594898
"5","nsfms-b-1",11.6965880332046
"6","nsfms-b-2",8.86928155223481
"7","nsfms-b-3",13.4513948348063
"8","nsfms-b-4",11.1677227577266
"9","nsfms-c-1",11.1559774637373
"10","nsfms-c-2",14.1204384610086
"11","nsfms-c-3",16.0699518338484
"12","nsfms-c-4",18.8399957615412
